NumImages,TotalMegapixels,CPUTimeMs,CPUStdDev,CPUThroughputMPS,CudaTimeMs,CudaStdDev,CudaThroughputMPS,Speedup
1,8.2944,602.634,17.2138,13.7636,18.3433,1.46731,452.177,32.8531
5,41.472,3035.94,13.1443,13.6604,76.7929,9.87496,540.05,39.5341
10,82.944,6410.26,37.3308,12.9393,152.034,10.8563,545.562,42.1633
15,124.416,10420.1,510.202,11.94,230.166,10.2978,540.549,45.272
20,165.888,13818.4,379.724,12.0048,307.636,2.9141,539.234,44.9181
